source,bill_id,top_level_value,candidate_texts_json,candidate_evidence_json
official,hjres52-93,"Joint resolution authorizing the President to proclaim August 26, 1973, as ""Women's Equality Day"".","[""A joint resolution designating August 26 of each year as \""Women's Equality Day.\"""",""Joint resolution authorizing the President to proclaim August 26, 1973, as \""Women's Equality Day\"".""]","[{""as"":""introduced"",""is_for_portion"":false,""title"":""A joint resolution designating August 26 of each year as \""Women's Equality Day.\"""",""type"":""official""},{""as"":""enacted"",""is_for_portion"":false,""title"":""Joint resolution authorizing the President to proclaim August 26, 1973, as \""Women's Equality Day\""."",""type"":""official""}]"
official,hjres210-93,"Joint resolution asking the President of the United States to declare the fourth Saturday of September, 1973, ""National Hunting and Fishing Day"".","[""Joint resolution asking the President of the United States to declare the fourth Saturday of each September as \""National Hunting and Fishing Day\""."",""Joint resolution asking the President of the United States to declare the fourth Saturday of September, 1973, \""National Hunting and Fishing Day\"".""]","[{""as"":""introduced"",""is_for_portion"":false,""title"":""Joint resolution asking the President of the United States to declare the fourth Saturday of each September as \""National Hunting and Fishing Day\""."",""type"":""official""},{""as"":""enacted"",""is_for_portion"":false,""title"":""Joint resolution asking the President of the United States to declare the fourth Saturday of September, 1973, \""National Hunting and Fishing Day\""."",""type"":""official""}]"
official,hjres275-93,"Joint resolution to authorize the President to issue a proclamation designating the month of May, 1973, as ""National Arthritis Month"".","[""Joint resolution to authorize the President to issue annually a proclamation designating the month of May in each year as \""National Arthritis Month\""."",""Joint resolution to authorize the President to issue a proclamation designating the month of May, 1973, as \""National Arthritis Month\"".""]","[{""as"":""introduced"",""is_for_portion"":false,""title"":""Joint resolution to authorize the President to issue annually a proclamation designating the month of May in each year as \""National Arthritis Month\""."",""type"":""official""},{""as"":""enacted"",""is_for_portion"":false,""title"":""Joint resolution to authorize the President to issue a proclamation designating the month of May, 1973, as \""National Arthritis Month\""."",""type"":""official""}]"
official,hjres296-93,"Joint resolution to authorize the President to proclaim the last week of June 1973, as ""National Autistic Children's Week"".","[""Joint resolution to authorize the President to proclaim the last week of June of each year as National Autistic Children's Week."",""Joint resolution to authorize the President to proclaim the last week of June 1973, as \""National Autistic Children's Week\"".""]","[{""as"":""introduced"",""is_for_portion"":false,""title"":""Joint resolution to authorize the President to proclaim the last week of June of each year as National Autistic Children's Week."",""type"":""official""},{""as"":""enacted"",""is_for_portion"":false,""title"":""Joint resolution to authorize the President to proclaim the last week of June 1973, as \""National Autistic Children's Week\""."",""type"":""official""}]"
official,hjres466-93,"Joint resolution authorizing the President to proclaim the second full week in October, 1973, as ""National Legal Secretaries' Court Observance Week"".","[""Joint resolution authorizing the President to proclaim the second full week in October each year as \""National Legal Secretaries' Court Observance Week\""."",""Joint resolution authorizing the President to proclaim the second full week in October, 1973, as \""National Legal Secretaries' Court Observance Week\"".""]","[{""as"":""introduced"",""is_for_portion"":false,""title"":""Joint resolution authorizing the President to proclaim the second full week in October each year as \""National Legal Secretaries' Court Observance Week\""."",""type"":""official""},{""as"":""enacted"",""is_for_portion"":false,""title"":""Joint resolution authorizing the President to proclaim the second full week in October, 1973, as \""National Legal Secretaries' Court Observance Week\""."",""type"":""official""}]"
official,hjres499-93,"Joint resolution providing for an extension of the term of the Commission on the Bankruptcy Laws of the United States, and for other purposes.","[""Joint resolution providing for an extension of the term of the Commission on the Bankruptcy Laws of the United States."",""Joint resolution providing for an extension of the term of the Commission on the Bankruptcy Laws of the United States, and for other purposes.""]","[{""as"":""introduced"",""is_for_portion"":false,""title"":""Joint resolution providing for an extension of the term of the Commission on the Bankruptcy Laws of the United States."",""type"":""official""},{""as"":""enacted"",""is_for_portion"":false,""title"":""Joint resolution providing for an extension of the term of the Commission on the Bankruptcy Laws of the United States, and for other purposes."",""type"":""official""}]"
official,hjres636-93,"Joint resolution making continuing appropriations for the fiscal year 1974, and for other purposes.","[""Joint resolution making continuing appropriations for the fiscal year 1974."",""Joint resolution making continuing appropriations for the fiscal year 1974, and for other purposes.""]","[{""as"":""introduced"",""is_for_portion"":false,""title"":""Joint resolution making continuing appropriations for the fiscal year 1974."",""type"":""official""},{""as"":""enacted"",""is_for_portion"":false,""title"":""Joint resolution making continuing appropriations for the fiscal year 1974, and for other purposes."",""type"":""official""}]"
official,hjres695-93,"Joint resolution authorizing the President to proclaim the period of September 15, 1973 through October 15, 1973, as ""Johnny Horizon '76 Clean Up America Month"".","[""Joint resolution authorizing the President to proclaim the period of September 15, 1973, as \""Johnny Horizon '76 Clean Up American Month\""."",""Joint resolution authorizing the President to proclaim the period of September 15, 1973 through October 15, 1973, as \""Johnny Horizon '76 Clean Up America Month\"".""]","[{""as"":""introduced"",""is_for_portion"":false,""title"":""Joint resolution authorizing the President to proclaim the period of September 15, 1973, as \""Johnny Horizon '76 Clean Up American Month\""."",""type"":""official""},{""as"":""enacted"",""is_for_portion"":false,""title"":""Joint resolution authorizing the President to proclaim the period of September 15, 1973 through October 15, 1973, as \""Johnny Horizon '76 Clean Up America Month\""."",""type"":""official""}]"
official,hjres736-93,Joint resolution to provide for a feasibility study and to accept a gift from the United States Capitol Historical Society.,"[""Joint resolution to provide for a feasibility study and the possible acceptance of a gift from the U.S. Capitol Historical Society."",""Joint resolution to provide for a feasibility study and to accept a gift from the United States Capitol Historical Society.""]","[{""as"":""introduced"",""is_for_portion"":false,""title"":""Joint resolution to provide for a feasibility study and the possible acceptance of a gift from the U.S. Capitol Historical Society."",""type"":""official""},{""as"":""enacted"",""is_for_portion"":false,""title"":""Joint resolution to provide for a feasibility study and to accept a gift from the United States Capitol Historical Society."",""type"":""official""}]"
official,hjres753-93,"Joint resolution making further continuing appropriations for the fiscal year 1974, and for other purposes.","[""A joint resolution making further continuing appropriations for the fiscal year 1974."",""Joint resolution making further continuing appropriations for the fiscal year 1974, and for other purposes.""]","[{""as"":""introduced"",""is_for_portion"":false,""title"":""A joint resolution making further continuing appropriations for the fiscal year 1974."",""type"":""official""},{""as"":""enacted"",""is_for_portion"":false,""title"":""Joint resolution making further continuing appropriations for the fiscal year 1974, and for other purposes."",""type"":""official""}]"
official,hjres898-93,"Joint resolution authorizing the President to proclaim the second full week in October, 1974, as ""National Legal Secretaries' Court Observance Week"".","[""Joint resolution authorizing the President to proclaim the second full week in October each year as \""National Legal Secretaries' Court Observance\""."",""Joint resolution authorizing the President to proclaim the second full week in October, 1974, as \""National Legal Secretaries' Court Observance Week\"".""]","[{""as"":""introduced"",""is_for_portion"":false,""title"":""Joint resolution authorizing the President to proclaim the second full week in October each year as \""National Legal Secretaries' Court Observance\""."",""type"":""official""},{""as"":""enacted"",""is_for_portion"":false,""title"":""Joint resolution authorizing the President to proclaim the second full week in October, 1974, as \""National Legal Secretaries' Court Observance Week\""."",""type"":""official""}]"
official,hjres910-93,"Joint resolution asking the President of the United States to declare the fourth Saturday of September, 1974 ""National Hunting and Fishing Day"".","[""Joint resolution asking the President of the United States to declare the fourth Saturday of each September \""National Hunting and Fishing Day.\"""",""Joint resolution asking the President of the United States to declare the fourth Saturday of September, 1974 \""National Hunting and Fishing Day\"".""]","[{""as"":""introduced"",""is_for_portion"":false,""title"":""Joint resolution asking the President of the United States to declare the fourth Saturday of each September \""National Hunting and Fishing Day.\"""",""type"":""official""},{""as"":""enacted"",""is_for_portion"":false,""title"":""Joint resolution asking the President of the United States to declare the fourth Saturday of September, 1974 \""National Hunting and Fishing Day\""."",""type"":""official""}]"
official,hjres1061-93,"Joint resolution making further urgent supplemental appropriations for the fiscal year ending June 30, 1974, for the Veterans' Administration, and for other purposes.","[""Joint resolution making further urgent supplemental appropriations for the fiscal year ending June 30, 1974, for the Veterans' Administration."",""Joint resolution making further urgent supplemental appropriations for the fiscal year ending June 30, 1974, for the Veterans' Administration, and for other purposes.""]","[{""as"":""introduced"",""is_for_portion"":false,""title"":""Joint resolution making further urgent supplemental appropriations for the fiscal year ending June 30, 1974, for the Veterans' Administration."",""type"":""official""},{""as"":""enacted"",""is_for_portion"":false,""title"":""Joint resolution making further urgent supplemental appropriations for the fiscal year ending June 30, 1974, for the Veterans' Administration, and for other purposes."",""type"":""official""}]"
official,hjres1062-93,"Joint resolution making continuing appropriations for the fiscal year 1975, and for other purposes.","[""Joint resolution making continuing appropriations for the fiscal year 1975."",""Joint resolution making continuing appropriations for the fiscal year 1975, and for other purposes.""]","[{""as"":""introduced"",""is_for_portion"":false,""title"":""Joint resolution making continuing appropriations for the fiscal year 1975."",""type"":""official""},{""as"":""enacted"",""is_for_portion"":false,""title"":""Joint resolution making continuing appropriations for the fiscal year 1975, and for other purposes."",""type"":""official""}]"
official,hjres1070-93,"An Act authorizing the President to proclaim the period of September 15, 1974 through October 15, 1974, as ""Johnny Horizon '76 Clean Up America Month"".","[""Joint resolution authorizing the President to proclaim the period of September 15, 1974 through October 15, 1974, as \""Johnny Horizon 1976 Clean Up America Month\""."",""An Act authorizing the President to proclaim the period of September 15, 1974 through October 15, 1974, as \""Johnny Horizon '76 Clean Up America Month\"".""]","[{""as"":""introduced"",""is_for_portion"":false,""title"":""Joint resolution authorizing the President to proclaim the period of September 15, 1974 through October 15, 1974, as \""Johnny Horizon 1976 Clean Up America Month\""."",""type"":""official""},{""as"":""enacted"",""is_for_portion"":false,""title"":""An Act authorizing the President to proclaim the period of September 15, 1974 through October 15, 1974, as \""Johnny Horizon '76 Clean Up America Month\""."",""type"":""official""}]"
official,hjres1105-93,"Joint resolution designating August 26, 1974 as ""Women's Equality Day"".","[""Joint resolution designating August 26 of each year as Women's Equality Day."",""Joint resolution designating August 26, 1974 as \""Women's Equality Day\"".""]","[{""as"":""introduced"",""is_for_portion"":false,""title"":""Joint resolution designating August 26 of each year as Women's Equality Day."",""type"":""official""},{""as"":""enacted"",""is_for_portion"":false,""title"":""Joint resolution designating August 26, 1974 as \""Women's Equality Day\""."",""type"":""official""}]"
official,hjres1167-93,"Joint resolution making further continuing appropriations for the fiscal year 1975, and for other purposes.","[""Joint resolution making further continuing appropriations for the fiscal year 1975."",""Joint resolution making further continuing appropriations for the fiscal year 1975, and for other purposes.""]","[{""as"":""introduced"",""is_for_portion"":false,""title"":""Joint resolution making further continuing appropriations for the fiscal year 1975."",""type"":""official""},{""as"":""enacted"",""is_for_portion"":false,""title"":""Joint resolution making further continuing appropriations for the fiscal year 1975, and for other purposes."",""type"":""official""}]"
official,hjres1178-93,"Joint resolution making further continuing appropriations for the fiscal year 1975, and for other purposes.","[""Joint resolution making further continuing appropriations for the fiscal year 1975."",""Joint resolution making further continuing appropriations for the fiscal year 1975, and for other purposes.""]","[{""as"":""introduced"",""is_for_portion"":false,""title"":""Joint resolution making further continuing appropriations for the fiscal year 1975."",""type"":""official""},{""as"":""enacted"",""is_for_portion"":false,""title"":""Joint resolution making further continuing appropriations for the fiscal year 1975, and for other purposes."",""type"":""official""}]"
official,hjres1180-93,"Joint resolution making urgent supplemental appropriations for the fiscal year ending June 30, 1975, and for other purposes.","[""Joint resolution making urgent supplemental appropriations for the fiscal year ending June 30, 1975."",""Joint resolution making urgent supplemental appropriations for the fiscal year ending June 30, 1975, and for other purposes.""]","[{""as"":""introduced"",""is_for_portion"":false,""title"":""Joint resolution making urgent supplemental appropriations for the fiscal year ending June 30, 1975."",""type"":""official""},{""as"":""enacted"",""is_for_portion"":false,""title"":""Joint resolution making urgent supplemental appropriations for the fiscal year ending June 30, 1975, and for other purposes."",""type"":""official""}]"
official,hr2-93,An Act to provide for pension reform.,"[""A bill to revise the Welfare and Pension Plans Disclosure Act."",""An Act to provide for pension reform.""]","[{""as"":""introduced"",""is_for_portion"":false,""title"":""A bill to revise the Welfare and Pension Plans Disclosure Act."",""type"":""official""},{""as"":""enacted"",""is_for_portion"":false,""title"":""An Act to provide for pension reform."",""type"":""official""}]"
short,hr2-93,Employee Retirement Income Security Act,"[""Employee Benefit Security Act"",""Employee Retirement Income Security Act""]","[{""as"":""introduced"",""is_for_portion"":false,""title"":""Employee Benefit Security Act"",""type"":""short""},{""as"":""enacted"",""is_for_portion"":false,""title"":""Employee Retirement Income Security Act"",""type"":""short""}]"
official,hr342-93,"An Act to authorize the District of Columbia to enter into the Interstate Agreement on Qualification of Educational Personnel, and to amend the Practice of Psychology Act and the District of Columbia Unemployment Compensation Act.","[""To authorize the District of Columbia to enter into the Interstate Agreement on Qualification of Educational Personnel."",""An Act to authorize the District of Columbia to enter into the Interstate Agreement on Qualification of Educational Personnel, and to amend the Practice of Psychology Act and the District of Columbia Unemployment Compensation Act.""]","[{""as"":""introduced"",""is_for_portion"":false,""title"":""To authorize the District of Columbia to enter into the Interstate Agreement on Qualification of Educational Personnel."",""type"":""official""},{""as"":""enacted"",""is_for_portion"":false,""title"":""An Act to authorize the District of Columbia to enter into the Interstate Agreement on Qualification of Educational Personnel, and to amend the Practice of Psychology Act and the District of Columbia Unemployment Compensation Act."",""type"":""official""}]"
official,hr1820-93,"An Act to direct the Administrator of General Services to release certain conditions with respect to certain real property conveyed to the State of Arkansas by the United States, and for other purposes.","[""A bill to direct the Administrator of General Services to release a condition with respect to certain real property conveyed to the State of Arkansas by the United States."",""An Act to direct the Administrator of General Services to release certain conditions with respect to certain real property conveyed to the State of Arkansas by the United States, and for other purposes.""]","[{""as"":""introduced"",""is_for_portion"":false,""title"":""A bill to direct the Administrator of General Services to release a condition with respect to certain real property conveyed to the State of Arkansas by the United States."",""type"":""official""},{""as"":""enacted"",""is_for_portion"":false,""title"":""An Act to direct the Administrator of General Services to release certain conditions with respect to certain real property conveyed to the State of Arkansas by the United States, and for other purposes."",""type"":""official""}]"
official,hr1955-93,An Act for the relief of Rosa Ines D'Elia.,"[""For the relief of Rosa Ines Toapanta"",""An Act for the relief of Rosa Ines D'Elia.""]","[{""as"":""introduced"",""is_for_portion"":false,""title"":""For the relief of Rosa Ines Toapanta"",""type"":""official""},{""as"":""enacted"",""is_for_portion"":false,""title"":""An Act for the relief of Rosa Ines D'Elia."",""type"":""official""}]"
official,hr1975-93,"An Act to amend the emergency loan program under the Consolidated Farm and Rural Development Act, and for other purposes.","[""A bill to amend the emergency loan program under the Consolidated Farm and Rural Development Act."",""An Act to amend the emergency loan program under the Consolidated Farm and Rural Development Act, and for other purposes.""]","[{""as"":""introduced"",""is_for_portion"":false,""title"":""A bill to amend the emergency loan program under the Consolidated Farm and Rural Development Act."",""type"":""official""},{""as"":""enacted"",""is_for_portion"":false,""title"":""An Act to amend the emergency loan program under the Consolidated Farm and Rural Development Act, and for other purposes."",""type"":""official""}]"
official,hr2533-93,An Act for the relief of Raphael Johnson.,"[""For the relief of Raphael Gidharry"",""An Act for the relief of Raphael Johnson.""]","[{""as"":""introduced"",""is_for_portion"":false,""title"":""For the relief of Raphael Gidharry"",""type"":""official""},{""as"":""enacted"",""is_for_portion"":false,""title"":""An Act for the relief of Raphael Johnson."",""type"":""official""}]"
official,hr3339-93,An Act for the relief of Delmira DeBow.,"[""A bill for the relief of Delmira Martinez Sandoval."",""An Act for the relief of Delmira DeBow.""]","[{""as"":""introduced"",""is_for_portion"":false,""title"":""A bill for the relief of Delmira Martinez Sandoval."",""type"":""official""},{""as"":""enacted"",""is_for_portion"":false,""title"":""An Act for the relief of Delmira DeBow."",""type"":""official""}]"
official,hr3532-93,"An Act for the relief of Donald L. Tyndall, Bruce Edward Tyndall, Kimberly Fay Tyndall, and Lisa Michele Tyndall.","[""A bill for the relief of Donald L. Tyndall, Bruce Edward Tyndall, Kimberly Fay Tyndall, Lisa Michele Tyndall, and the estate of Elizabeth M. Tyndall, deceased."",""An Act for the relief of Donald L. Tyndall, Bruce Edward Tyndall, Kimberly Fay Tyndall, and Lisa Michele Tyndall.""]","[{""as"":""introduced"",""is_for_portion"":false,""title"":""A bill for the relief of Donald L. Tyndall, Bruce Edward Tyndall, Kimberly Fay Tyndall, Lisa Michele Tyndall, and the estate of Elizabeth M. Tyndall, deceased."",""type"":""official""},{""as"":""enacted"",""is_for_portion"":false,""title"":""An Act for the relief of Donald L. Tyndall, Bruce Edward Tyndall, Kimberly Fay Tyndall, and Lisa Michele Tyndall."",""type"":""official""}]"
official,hr3630-93,"An Act to extend until September 30, 1975, the suspension of duty on certain dyeing and tanning products and to include logwood among such products.","[""A bill to extend for 3 years the period during which certain dyeing and tanning materials may be imported free of duty."",""An Act to extend until September 30, 1975, the suspension of duty on certain dyeing and tanning products and to include logwood among such products.""]","[{""as"":""introduced"",""is_for_portion"":false,""title"":""A bill to extend for 3 years the period during which certain dyeing and tanning materials may be imported free of duty."",""type"":""official""},{""as"":""enacted"",""is_for_portion"":false,""title"":""An Act to extend until September 30, 1975, the suspension of duty on certain dyeing and tanning products and to include logwood among such products."",""type"":""official""}]"
official,hr4590-93,An Act for the relief of Melissa Catambay Gutierrez and Milagros Catambay Gutierrez.,"[""A bill for the relief of Melissa Catambay Guiterrez."",""An Act for the relief of Melissa Catambay Gutierrez and Milagros Catambay Gutierrez.""]","[{""as"":""introduced"",""is_for_portion"":false,""title"":""A bill for the relief of Melissa Catambay Guiterrez."",""type"":""official""},{""as"":""enacted"",""is_for_portion"":false,""title"":""An Act for the relief of Melissa Catambay Gutierrez and Milagros Catambay Gutierrez."",""type"":""official""}]"
official,hr4771-93,An Act to authorize the District of Columbia Council to regulate and stabilize rents in the District of Columbia.,"[""A bill to regulate the maximum rents to be charged by landlords in the District of Columbia."",""An Act to authorize the District of Columbia Council to regulate and stabilize rents in the District of Columbia.""]","[{""as"":""introduced"",""is_for_portion"":false,""title"":""A bill to regulate the maximum rents to be charged by landlords in the District of Columbia."",""type"":""official""},{""as"":""enacted"",""is_for_portion"":false,""title"":""An Act to authorize the District of Columbia Council to regulate and stabilize rents in the District of Columbia."",""type"":""official""}]"
official,hr4861-93,"An Act to amend the act of October 4, 1961, providing for the preservation and protection of certain lands known as Piscataway Park in Prince Georges and Charles Counties, Maryland, and for other purposes.","[""A bill to amend the act of October 4, 1961, providing for the preservation and protection of certain lands known as Piscataway Park in Prince Georges and Charles Counties, Md."",""An Act to amend the act of October 4, 1961, providing for the preservation and protection of certain lands known as Piscataway Park in Prince Georges and Charles Counties, Maryland, and for other purposes.""]","[{""as"":""introduced"",""is_for_portion"":false,""title"":""A bill to amend the act of October 4, 1961, providing for the preservation and protection of certain lands known as Piscataway Park in Prince Georges and Charles Counties, Md."",""type"":""official""},{""as"":""enacted"",""is_for_portion"":false,""title"":""An Act to amend the act of October 4, 1961, providing for the preservation and protection of certain lands known as Piscataway Park in Prince Georges and Charles Counties, Maryland, and for other purposes."",""type"":""official""}]"
official,hr5264-93,"An Act to amend section 3(f) of the Federal Property and Administrative Services Act of 1949, with respect to American Samoa, Guam, and the Trust Territory of the Pacific Islands.","[""A bill to amend section 3(f) of the Federal Property and Administrative Services Act of 1949, with respect to Guam."",""An Act to amend section 3(f) of the Federal Property and Administrative Services Act of 1949, with respect to American Samoa, Guam, and the Trust Territory of the Pacific Islands.""]","[{""as"":""introduced"",""is_for_portion"":false,""title"":""A bill to amend section 3(f) of the Federal Property and Administrative Services Act of 1949, with respect to Guam."",""type"":""official""},{""as"":""enacted"",""is_for_portion"":false,""title"":""An Act to amend section 3(f) of the Federal Property and Administrative Services Act of 1949, with respect to American Samoa, Guam, and the Trust Territory of the Pacific Islands."",""type"":""official""}]"
official,hr5293-93,"An Act to authorize additional appropriations to carry out the Peace Corps Act, and for other purposes.","[""A bill authorizing continuing appropriations for the Peace Corps."",""An Act to authorize additional appropriations to carry out the Peace Corps Act, and for other purposes.""]","[{""as"":""introduced"",""is_for_portion"":false,""title"":""A bill authorizing continuing appropriations for the Peace Corps."",""type"":""official""},{""as"":""enacted"",""is_for_portion"":false,""title"":""An Act to authorize additional appropriations to carry out the Peace Corps Act, and for other purposes."",""type"":""official""}]"
official,hr5383-93,"An Act to authorize appropriations for the Coast Guard for the procurement of vessels and aircraft and construction of shore and offshore establishments, to authorize for bridge alterations, to authorize for the Coast Guard an end-year strength for active duty personnel, to authorize for the Coast Guard average military student loads, and for other purposes.","[""A bill to authorize appropriations for the Coast Guard for the procurement of vessels and construction of shore and offshore establishments, to authorize appropriations for bridge alterations, to authorize for the Coast Guard an end year strength for active duty personnel, to authorize for the Coast Guard average military student loads."",""An Act to authorize appropriations for the Coast Guard for the procurement of vessels and aircraft and construction of shore and offshore establishments, to authorize for bridge alterations, to authorize for the Coast Guard an end-year strength for active duty personnel, to authorize for the Coast Guard average military student loads, and for other purposes.""]","[{""as"":""introduced"",""is_for_portion"":false,""title"":""A bill to authorize appropriations for the Coast Guard for the procurement of vessels and construction of shore and offshore establishments, to authorize appropriations for bridge alterations, to authorize for the Coast Guard an end year strength for active duty personnel, to authorize for the Coast Guard average military student loads."",""type"":""official""},{""as"":""enacted"",""is_for_portion"":false,""title"":""An Act to authorize appropriations for the Coast Guard for the procurement of vessels and aircraft and construction of shore and offshore establishments, to authorize for bridge alterations, to authorize for the Coast Guard an end-year strength for active duty personnel, to authorize for the Coast Guard average military student loads, and for other purposes."",""type"":""official""}]"
official,hr5451-93,"An Act to amend the Oil Pollution Act, 1961 (75 Stat. 402), as amended, to implement the 1969 and 1971 amendments to the International Convention for the Prevention of the Pollution of the Sea by Oil, 1954, as amended; and for other purposes.","[""A bill to amend the Oil Pollution Act, 1961 (75 Stat. 402), as amended, to implement the 1969 and the 1971 amendments to the International Convention for the Prevention of the Pollution of the Sea by Oil, 1954, as amended; and for other purposes."",""An Act to amend the Oil Pollution Act, 1961 (75 Stat. 402), as amended, to implement the 1969 and 1971 amendments to the International Convention for the Prevention of the Pollution of the Sea by Oil, 1954, as amended; and for other purposes.""]","[{""as"":""introduced"",""is_for_portion"":false,""title"":""A bill to amend the Oil Pollution Act, 1961 (75 Stat. 402), as amended, to implement the 1969 and the 1971 amendments to the International Convention for the Prevention of the Pollution of the Sea by Oil, 1954, as amended; and for other purposes."",""type"":""official""},{""as"":""enacted"",""is_for_portion"":false,""title"":""An Act to amend the Oil Pollution Act, 1961 (75 Stat. 402), as amended, to implement the 1969 and 1971 amendments to the International Convention for the Prevention of the Pollution of the Sea by Oil, 1954, as amended; and for other purposes."",""type"":""official""}]"
official,hr5477-93,An Act for the relief of Charito Fernandez Bautista.,"[""A bill for the relief of Josephine Gonzalo (nee Charito Fernandez Bautista)."",""An Act for the relief of Charito Fernandez Bautista.""]","[{""as"":""introduced"",""is_for_portion"":false,""title"":""A bill for the relief of Josephine Gonzalo (nee Charito Fernandez Bautista)."",""type"":""official""},{""as"":""enacted"",""is_for_portion"":false,""title"":""An Act for the relief of Charito Fernandez Bautista."",""type"":""official""}]"
official,hr5610-93,"An Act to amend the Foreign Service Buildings Act, 1926, to authorize additional appropriations, and for other purposes.","[""A bill to amend the Foreign Service Buildings Act, 1926, to authorize additional appropriations."",""An Act to amend the Foreign Service Buildings Act, 1926, to authorize additional appropriations, and for other purposes.""]","[{""as"":""introduced"",""is_for_portion"":false,""title"":""A bill to amend the Foreign Service Buildings Act, 1926, to authorize additional appropriations."",""type"":""official""},{""as"":""enacted"",""is_for_portion"":false,""title"":""An Act to amend the Foreign Service Buildings Act, 1926, to authorize additional appropriations, and for other purposes."",""type"":""official""}]"
official,hr5621-93,"An Act to amend title 10, United States Code, to provide for the presentation of a flag of the United States for deceased members of the Ready Reserve and for deceased members of the Reserve who die after completing twenty years of service, but before becoming entitled to retired pay.","[""A bill to provide for the preservation of a flag of the United States for deceased members of the National Guard and Selected Reserve."",""An Act to amend title 10, United States Code, to provide for the presentation of a flag of the United States for deceased members of the Ready Reserve and for deceased members of the Reserve who die after completing twenty years of service, but before becoming entitled to retired pay.""]","[{""as"":""introduced"",""is_for_portion"":false,""title"":""A bill to provide for the preservation of a flag of the United States for deceased members of the National Guard and Selected Reserve."",""type"":""official""},{""as"":""enacted"",""is_for_portion"":false,""title"":""An Act to amend title 10, United States Code, to provide for the presentation of a flag of the United States for deceased members of the Ready Reserve and for deceased members of the Reserve who die after completing twenty years of service, but before becoming entitled to retired pay."",""type"":""official""}]"
official,hr5773-93,"An Act to establish the Canaveral National Seashore in the State of Florida, and for other purposes.","[""A bill to establish the Spessard L. Holland National Seashore in the State of Florida, and for other purposes."",""An Act to establish the Canaveral National Seashore in the State of Florida, and for other purposes.""]","[{""as"":""introduced"",""is_for_portion"":false,""title"":""A bill to establish the Spessard L. Holland National Seashore in the State of Florida, and for other purposes."",""type"":""official""},{""as"":""enacted"",""is_for_portion"":false,""title"":""An Act to establish the Canaveral National Seashore in the State of Florida, and for other purposes."",""type"":""official""}]"
official,hr5777-93,An Act to require that reproductions and imitations of coins and political items be marked as copies or with the date of manufacture.,"[""A bill to protect hobbyists against the reproduction or manufacture of certain imitation hobby items and to provide additional protections for American hobbyists."",""An Act to require that reproductions and imitations of coins and political items be marked as copies or with the date of manufacture.""]","[{""as"":""introduced"",""is_for_portion"":false,""title"":""A bill to protect hobbyists against the reproduction or manufacture of certain imitation hobby items and to provide additional protections for American hobbyists."",""type"":""official""},{""as"":""enacted"",""is_for_portion"":false,""title"":""An Act to require that reproductions and imitations of coins and political items be marked as copies or with the date of manufacture."",""type"":""official""}]"
official,hr5857-93,"An Act to amend the National Visitor Center Facilities Act of 1968, and for other purposes.","[""A bill to amend the National Visitor Center Facilities Act of 1968."",""An Act to amend the National Visitor Center Facilities Act of 1968, and for other purposes.""]","[{""as"":""introduced"",""is_for_portion"":false,""title"":""A bill to amend the National Visitor Center Facilities Act of 1968."",""type"":""official""},{""as"":""enacted"",""is_for_portion"":false,""title"":""An Act to amend the National Visitor Center Facilities Act of 1968, and for other purposes."",""type"":""official""}]"
official,hr5874-93,"An Act to establish a Federal Financing Bank, to provide for coordinated and more efficient financing of Federal and federally assisted borrowings from the public, and for other purposes.","[""A bill to establish a Federal Financing Bank, to provide for coordinated and more efficient financing of Federal and federally assisted borrowings from the public."",""An Act to establish a Federal Financing Bank, to provide for coordinated and more efficient financing of Federal and federally assisted borrowings from the public, and for other purposes.""]","[{""as"":""introduced"",""is_for_portion"":false,""title"":""A bill to establish a Federal Financing Bank, to provide for coordinated and more efficient financing of Federal and federally assisted borrowings from the public."",""type"":""official""},{""as"":""enacted"",""is_for_portion"":false,""title"":""An Act to establish a Federal Financing Bank, to provide for coordinated and more efficient financing of Federal and federally assisted borrowings from the public, and for other purposes."",""type"":""official""}]"
official,hr6007-93,An Act for the relief of Swiff-Train Company.,"[""A bill for the relief of Swift-Train Co."",""An Act for the relief of Swiff-Train Company.""]","[{""as"":""introduced"",""is_for_portion"":false,""title"":""A bill for the relief of Swift-Train Co."",""type"":""official""},{""as"":""enacted"",""is_for_portion"":false,""title"":""An Act for the relief of Swiff-Train Company."",""type"":""official""}]"
official,hr6186-93,"An Act to amend the District of Columbia Revenue Act of 1947 regarding taxability of dividends received by a corporation from insurance companies, banks, and other savings institutions.","[""A bill to amend the District of Columbia Revenue Act of 1947 regarding taxability of dividends received by a corporation from insurance companies."",""An Act to amend the District of Columbia Revenue Act of 1947 regarding taxability of dividends received by a corporation from insurance companies, banks, and other savings institutions.""]","[{""as"":""introduced"",""is_for_portion"":false,""title"":""A bill to amend the District of Columbia Revenue Act of 1947 regarding taxability of dividends received by a corporation from insurance companies."",""type"":""official""},{""as"":""enacted"",""is_for_portion"":false,""title"":""An Act to amend the District of Columbia Revenue Act of 1947 regarding taxability of dividends received by a corporation from insurance companies, banks, and other savings institutions."",""type"":""official""}]"
official,hr6274-93,"An Act to grant relief to payees and special indorsees of fraudulently negotiated checks drawn on designated depositaries of the United States by extending the availability of the check forgery insurance fund, and for other purposes.","[""A bill to grant relief to payees and special endorsees of fraudulently negotiated checks drawn on designated depositaries of the United States by extending the availability of the check forgery insurance fund, and for other purposes."",""An Act to grant relief to payees and special indorsees of fraudulently negotiated checks drawn on designated depositaries of the United States by extending the availability of the check forgery insurance fund, and for other purposes.""]","[{""as"":""introduced"",""is_for_portion"":false,""title"":""A bill to grant relief to payees and special endorsees of fraudulently negotiated checks drawn on designated depositaries of the United States by extending the availability of the check forgery insurance fund, and for other purposes."",""type"":""official""},{""as"":""enacted"",""is_for_portion"":false,""title"":""An Act to grant relief to payees and special indorsees of fraudulently negotiated checks drawn on designated depositaries of the United States by extending the availability of the check forgery insurance fund, and for other purposes."",""type"":""official""}]"
official,hr6370-93,"An Act to extend certain laws relating to the payment of interest on time and savings deposits, to prohibit depository institutions from permitting negotiable orders of withdrawal to be made with respect to any deposit or account on which any interest or dividend is paid, to authorize Federal savings and loan associations and national banks to own stock in and invest in loans to certain State housing corporations, and for other purposes.","[""A bill to extend certain laws relating to the payment of interest on time and savings deposits, to prohibit depository institutions from permitting negotiable orders of withdrawal to be made with respect to any deposit or account on which any interest or dividend is paid, to authorize Federal savings and loan associations and national banks to own stock in and invest in loans to certain State housing corporations."",""An Act to extend certain laws relating to the payment of interest on time and savings deposits, to prohibit depository institutions from permitting negotiable orders of withdrawal to be made with respect to any deposit or account on which any interest or dividend is paid, to authorize Federal savings and loan associations and national banks to own stock in and invest in loans to certain State housing corporations, and for other purposes.""]","[{""as"":""introduced"",""is_for_portion"":false,""title"":""A bill to extend certain laws relating to the payment of interest on time and savings deposits, to prohibit depository institutions from permitting negotiable orders of withdrawal to be made with respect to any deposit or account on which any interest or dividend is paid, to authorize Federal savings and loan associations and national banks to own stock in and invest in loans to certain State housing corporations."",""type"":""official""},{""as"":""enacted"",""is_for_portion"":false,""title"":""An Act to extend certain laws relating to the payment of interest on time and savings deposits, to prohibit depository institutions from permitting negotiable orders of withdrawal to be made with respect to any deposit or account on which any interest or dividend is paid, to authorize Federal savings and loan associations and national banks to own stock in and invest in loans to certain State housing corporations, and for other purposes."",""type"":""official""}]"
official,hr6574-93,"An Act to amend title 38, United States Code, to increase the maximum amount of Servicemen's Group Life Insurance to $20,000, to provide full-time coverage thereunder for certain members of the Reserves and National Guard, to authorize the conversion of such insurance to Veterans' Group Life Insurance, to authorize allotments from the pay of members of the National Guard of the United States for group life insurance premiums, and for other purposes.","[""A bill to amend title 38, United States Codes, to encourage persons to join and remain in the Reserves and National Guard by providing full-time coverage under Servicemen's Group Life Insurance for such members and certain members of the Retired Reserve."",""An Act to amend title 38, United States Code, to increase the maximum amount of Servicemen's Group Life Insurance to $20,000, to provide full-time coverage thereunder for certain members of the Reserves and National Guard, to authorize the conversion of such insurance to Veterans' Group Life Insurance, to authorize allotments from the pay of members of the National Guard of the United States for group life insurance premiums, and for other purposes.""]","[{""as"":""introduced"",""is_for_portion"":false,""title"":""A bill to amend title 38, United States Codes, to encourage persons to join and remain in the Reserves and National Guard by providing full-time coverage under Servicemen's Group Life Insurance for such members and certain members of the Retired Reserve."",""type"":""official""},{""as"":""enacted"",""is_for_portion"":false,""title"":""An Act to amend title 38, United States Code, to increase the maximum amount of Servicemen's Group Life Insurance to $20,000, to provide full-time coverage thereunder for certain members of the Reserves and National Guard, to authorize the conversion of such insurance to Veterans' Group Life Insurance, to authorize allotments from the pay of members of the National Guard of the United States for group life insurance premiums, and for other purposes."",""type"":""official""}]"
official,hr6624-93,"A bill for the relief of Alvin V. Burt, Jr., Eileen Wallace Kennedy Pope, and David Douglas Kennedy, a minor.","[""A bill for the relief of Alvin V. Burt."",""A bill for the relief of Alvin V. Burt, Jr., Eileen Wallace Kennedy Pope, and David Douglas Kennedy, a minor.""]","[{""as"":""introduced"",""is_for_portion"":false,""title"":""A bill for the relief of Alvin V. Burt."",""type"":""official""},{""as"":""amended by house"",""is_for_portion"":false,""title"":""A bill for the relief of Alvin V. Burt, Jr., Eileen Wallace Kennedy Pope, and David Douglas Kennedy, a minor."",""type"":""official""}]"
official,hr6642-93,"An Act to suspend the duties of certain bicycle parts and accessories until the close of December 31, 1976, and for other purposes.","[""A bill to suspend the duties of certain bicycle parts and accessories until the close of December 31, 1976."",""An Act to suspend the duties of certain bicycle parts and accessories until the close of December 31, 1976, and for other purposes.""]","[{""as"":""introduced"",""is_for_portion"":false,""title"":""A bill to suspend the duties of certain bicycle parts and accessories until the close of December 31, 1976."",""type"":""official""},{""as"":""enacted"",""is_for_portion"":false,""title"":""An Act to suspend the duties of certain bicycle parts and accessories until the close of December 31, 1976, and for other purposes."",""type"":""official""}]"
official,hr6676-93,"An Act to continue until July 1, 1976, the existing suspension of duty on manganese ore, and for other purposes.","[""A bill relating to the dutiable status of manganese ore, including ferruginous manganese ore, and manganiferous iron ore."",""An Act to continue until July 1, 1976, the existing suspension of duty on manganese ore, and for other purposes.""]","[{""as"":""introduced"",""is_for_portion"":false,""title"":""A bill relating to the dutiable status of manganese ore, including ferruginous manganese ore, and manganiferous iron ore."",""type"":""official""},{""as"":""enacted"",""is_for_portion"":false,""title"":""An Act to continue until July 1, 1976, the existing suspension of duty on manganese ore, and for other purposes."",""type"":""official""}]"
short,hr7130-93,Congressional Budget Act of 1974,"[""Budget Control Act"",""Congressional Budget Act of 1974"",""Congressional Budget and Impoundment Control Act of 1974"",""Impoundment Control Act of 1974""]","[{""as"":""introduced"",""is_for_portion"":false,""title"":""Budget Control Act"",""type"":""short""},{""as"":""enacted"",""is_for_portion"":false,""title"":""Congressional Budget Act of 1974"",""type"":""short""},{""as"":""enacted"",""is_for_portion"":false,""title"":""Congressional Budget and Impoundment Control Act of 1974"",""type"":""short""},{""as"":""enacted"",""is_for_portion"":false,""title"":""Impoundment Control Act of 1974"",""type"":""short""}]"
short,hr16261-93,Bilingual Education Act,"[""Bilingual Education Act"",""Comprehensive Bilingual Education Amendments Act""]","[{""as"":""introduced"",""is_for_portion"":false,""title"":""Bilingual Education Act"",""type"":""short""},{""as"":""introduced"",""is_for_portion"":false,""title"":""Comprehensive Bilingual Education Amendments Act"",""type"":""short""}]"
short,s1443-93,Foreign Assistance Act of 1973,"[""Foreign Military Sales and Assistance Act"",""Foreign Assistance Act of 1973""]","[{""as"":""introduced"",""is_for_portion"":false,""title"":""Foreign Military Sales and Assistance Act"",""type"":""short""},{""as"":""enacted"",""is_for_portion"":false,""title"":""Foreign Assistance Act of 1973"",""type"":""short""}]"
short,s2553-93,Bilingual Education Act,"[""Bilingual Education Act"",""Comprehensive Bilingual Education Amendments Act""]","[{""as"":""introduced"",""is_for_portion"":false,""title"":""Bilingual Education Act"",""type"":""short""},{""as"":""introduced"",""is_for_portion"":false,""title"":""Comprehensive Bilingual Education Amendments Act"",""type"":""short""}]"
short,hr870-94,Intergovernmental Consumer Assistance Act,"[""Intergovernmental Consumer Assistance Act"",""Intergovernmental Consumer Assistance and Protection Act""]","[{""as"":""introduced"",""is_for_portion"":false,""title"":""Intergovernmental Consumer Assistance Act"",""type"":""short""},{""as"":""introduced"",""is_for_portion"":false,""title"":""Intergovernmental Consumer Assistance and Protection Act"",""type"":""short""}]"
short,hr987-94,Intergovernmental Consumer Assistance Act,"[""Intergovernmental Consumer Assistance Act"",""Intergovernmental Consumer Assistance and Protection Act""]","[{""as"":""introduced"",""is_for_portion"":false,""title"":""Intergovernmental Consumer Assistance Act"",""type"":""short""},{""as"":""introduced"",""is_for_portion"":false,""title"":""Intergovernmental Consumer Assistance and Protection Act"",""type"":""short""}]"
short,hr1892-94,Intergovernmental Consumer Assistance Act,"[""Intergovernmental Consumer Assistance Act"",""Intergovernmental Consumer Assistance and Protection Act""]","[{""as"":""introduced"",""is_for_portion"":false,""title"":""Intergovernmental Consumer Assistance Act"",""type"":""short""},{""as"":""introduced"",""is_for_portion"":false,""title"":""Intergovernmental Consumer Assistance and Protection Act"",""type"":""short""}]"
short,hr2025-94,Intergovernmental Consumer Assistance Act,"[""Intergovernmental Consumer Assistance Act"",""Intergovernmental Consumer Assistance and Protection Act""]","[{""as"":""introduced"",""is_for_portion"":false,""title"":""Intergovernmental Consumer Assistance Act"",""type"":""short""},{""as"":""introduced"",""is_for_portion"":false,""title"":""Intergovernmental Consumer Assistance and Protection Act"",""type"":""short""}]"
short,hr2026-94,Intergovernmental Consumer Assistance Act,"[""Intergovernmental Consumer Assistance Act"",""Intergovernmental Consumer Assistance and Protection Act""]","[{""as"":""introduced"",""is_for_portion"":false,""title"":""Intergovernmental Consumer Assistance Act"",""type"":""short""},{""as"":""introduced"",""is_for_portion"":false,""title"":""Intergovernmental Consumer Assistance and Protection Act"",""type"":""short""}]"
short,hr6618-94,Intergovernmental Consumer Assistance Act,"[""Intergovernmental Consumer Assistance Act"",""Intergovernmental Consumer Assistance and Protection Act""]","[{""as"":""introduced"",""is_for_portion"":false,""title"":""Intergovernmental Consumer Assistance Act"",""type"":""short""},{""as"":""introduced"",""is_for_portion"":false,""title"":""Intergovernmental Consumer Assistance and Protection Act"",""type"":""short""}]"
short,s622-94,Energy Policy and Conservation Act,"[""Standby Energy Authorities Act"",""Energy Policy and Conservation Act""]","[{""as"":""introduced"",""is_for_portion"":false,""title"":""Standby Energy Authorities Act"",""type"":""short""},{""as"":""enacted"",""is_for_portion"":false,""title"":""Energy Policy and Conservation Act"",""type"":""short""}]"
short,s2150-94,Resource Conservation and Recovery Act,"[""Solid Waste Utilization Act"",""Resource Conservation and Recovery Act""]","[{""as"":""introduced"",""is_for_portion"":false,""title"":""Solid Waste Utilization Act"",""type"":""short""},{""as"":""passed house"",""is_for_portion"":false,""title"":""Resource Conservation and Recovery Act"",""type"":""short""}]"
short,hr10-95,Federal Employees' Political Activities Act,"[""Federal Employees Political Activities Act"",""Federal Employees' Political Activities Act""]","[{""as"":""introduced"",""is_for_portion"":false,""title"":""Federal Employees Political Activities Act"",""type"":""short""},{""as"":""passed house"",""is_for_portion"":false,""title"":""Federal Employees' Political Activities Act"",""type"":""short""}]"
short,hr2329-95,Interoceanic Canal Study Act,"[""Fish and Wildlife Improvement Act"",""Interoceanic Canal Study Act""]","[{""as"":""introduced"",""is_for_portion"":false,""title"":""Fish and Wildlife Improvement Act"",""type"":""short""},{""as"":""passed senate"",""is_for_portion"":false,""title"":""Interoceanic Canal Study Act"",""type"":""short""}]"
short,hr4975-95,Health Assistance Programs Extension Act,"[""Biomedical Research Extension Act"",""Health Assistance Programs Extension Act""]","[{""as"":""introduced"",""is_for_portion"":false,""title"":""Biomedical Research Extension Act"",""type"":""short""},{""as"":""passed house"",""is_for_portion"":false,""title"":""Biomedical Research Extension Act"",""type"":""short""},{""as"":""passed senate"",""is_for_portion"":false,""title"":""Health Assistance Programs Extension Act"",""type"":""short""}]"
short,hr5029-95,Veterans Administration Programs Extension Act,"[""Veterans Programs Extension Act"",""Veterans Administration Programs Extension Act""]","[{""as"":""passed senate"",""is_for_portion"":false,""title"":""Veterans Programs Extension Act"",""type"":""short""},{""as"":""enacted"",""is_for_portion"":false,""title"":""Veterans Administration Programs Extension Act"",""type"":""short""}]"
short,hr5101-95,"Environmental Research, Development, and Demonstration Authorization Act","[""Environmental Research, Development, and Demonstration Authorization Act"",""Environmental Research, Development and Demonstration Authorization Act""]","[{""as"":""introduced"",""is_for_portion"":false,""title"":""Environmental Research, Development, and Demonstration Authorization Act"",""type"":""short""},{""as"":""passed house"",""is_for_portion"":false,""title"":""Environmental Research, Development and Demonstration Authorization Act"",""type"":""short""},{""as"":""passed senate"",""is_for_portion"":false,""title"":""Environmental Research, Development, and Demonstration Authorization Act"",""type"":""short""}]"
short,hr6111-95,Juvenile Justice Amendments,"[""Juvenile Justice and Delinquency Prevention Amendments"",""Juvenile Justice Amendments""]","[{""as"":""introduced"",""is_for_portion"":false,""title"":""Juvenile Justice and Delinquency Prevention Amendments"",""type"":""short""},{""as"":""passed senate"",""is_for_portion"":false,""title"":""Juvenile Justice Amendments"",""type"":""short""}]"
short,hr6138-95,Youth Employment and Demonstration Projects Act,"[""Youth Employment and Training Act"",""Youth Employment and Demonstration Projects Act""]","[{""as"":""introduced"",""is_for_portion"":false,""title"":""Youth Employment and Training Act"",""type"":""short""},{""as"":""passed senate"",""is_for_portion"":false,""title"":""Youth Employment and Training Act"",""type"":""short""},{""as"":""enacted"",""is_for_portion"":false,""title"":""Youth Employment and Demonstration Projects Act"",""type"":""short""}]"
short,hr6161-95,Clean Air Amendments,"[""Clean Air Act Amendments"",""Clean Air Amendments""]","[{""as"":""introduced"",""is_for_portion"":false,""title"":""Clean Air Act Amendments"",""type"":""short""},{""as"":""passed house"",""is_for_portion"":false,""title"":""Clean Air Act Amendments"",""type"":""short""},{""as"":""passed senate"",""is_for_portion"":false,""title"":""Clean Air Amendments"",""type"":""short""}]"
short,hr6365-95,Graduated Payment Mortgage Insurance Act,"[""Graduated Payment Mortgage Insurance Act"",""Young Families Housing Act""]","[{""as"":""introduced"",""is_for_portion"":false,""title"":""Graduated Payment Mortgage Insurance Act"",""type"":""short""},{""as"":""introduced"",""is_for_portion"":false,""title"":""Young Families Housing Act"",""type"":""short""}]"
short,hr6575-95,Voluntary Hospital Cost Containment Act,"[""Hospital Cost Containment Act"",""Voluntary Hospital Cost Containment Act""]","[{""as"":""introduced"",""is_for_portion"":false,""title"":""Hospital Cost Containment Act"",""type"":""short""},{""as"":""reported to house"",""is_for_portion"":false,""title"":""Voluntary Hospital Cost Containment Act"",""type"":""short""}]"
short,hr6666-95,Equal Access to Courts Act,"[""Legal Services Corporation Amendments Act"",""Equal Access to Courts Act""]","[{""as"":""introduced"",""is_for_portion"":false,""title"":""Legal Services Corporation Amendments Act"",""type"":""short""},{""as"":""passed house"",""is_for_portion"":false,""title"":""Legal Services Corporation Amendments Act"",""type"":""short""},{""as"":""passed senate"",""is_for_portion"":false,""title"":""Equal Access to Courts Act"",""type"":""short""}]"
short,hr6669-95,National Climate Act,"[""National Climate Program Act"",""National Climate Act""]","[{""as"":""introduced"",""is_for_portion"":false,""title"":""National Climate Program Act"",""type"":""short""},{""as"":""passed senate"",""is_for_portion"":false,""title"":""National Climate Act"",""type"":""short""}]"
short,hr6687-95,Graduated Payment Mortgage Insurance Act,"[""Graduated Payment Mortgage Insurance Act"",""Young Families Housing Act""]","[{""as"":""introduced"",""is_for_portion"":false,""title"":""Graduated Payment Mortgage Insurance Act"",""type"":""short""},{""as"":""introduced"",""is_for_portion"":false,""title"":""Young Families Housing Act"",""type"":""short""}]"
short,hr6689-95,"Foreign Relations Authorization Act, Fiscal year 1978","[""Foreign Relations Authorization Act"",""Foreign Relations Authorization Act, Fiscal year 1978""]","[{""as"":""introduced"",""is_for_portion"":false,""title"":""Foreign Relations Authorization Act"",""type"":""short""},{""as"":""passed senate"",""is_for_portion"":false,""title"":""Foreign Relations Authorization Act, Fiscal year 1978"",""type"":""short""}]"
short,hr6693-95,Child Abuse Prevention and Treatment and Adoption Reform Act,"[""Child Abuse Prevention and Treatment Amendments"",""Adoption Reform Act"",""Child Abuse Prevention and Treatment and Adoption Reform Act""]","[{""as"":""passed house"",""is_for_portion"":false,""title"":""Child Abuse Prevention and Treatment Amendments"",""type"":""short""},{""as"":""passed senate"",""is_for_portion"":false,""title"":""Adoption Reform Act"",""type"":""short""},{""as"":""enacted"",""is_for_portion"":false,""title"":""Child Abuse Prevention and Treatment and Adoption Reform Act"",""type"":""short""}]"
short,hr6714-95,International Development and Food Assistance Act,"[""International Development and Food Assistance Act"",""International Development Assistance Act""]","[{""as"":""introduced"",""is_for_portion"":false,""title"":""International Development and Food Assistance Act"",""type"":""short""},{""as"":""passed house"",""is_for_portion"":false,""title"":""International Development and Food Assistance Act"",""type"":""short""},{""as"":""passed senate"",""is_for_portion"":false,""title"":""International Development Assistance Act"",""type"":""short""},{""as"":""enacted"",""is_for_portion"":false,""title"":""International Development and Food Assistance Act"",""type"":""short""}]"
short,hr6884-95,International Security Assistance Act,"[""International Security Assistance Act"",""International Security Assistance and Arms Export Control Act""]","[{""as"":""introduced"",""is_for_portion"":false,""title"":""International Security Assistance Act"",""type"":""short""},{""as"":""passed house"",""is_for_portion"":false,""title"":""International Security Assistance Act"",""type"":""short""},{""as"":""passed senate"",""is_for_portion"":false,""title"":""International Security Assistance and Arms Export Control Act"",""type"":""short""},{""as"":""enacted"",""is_for_portion"":false,""title"":""International Security Assistance Act"",""type"":""short""}]"
short,hr7023-95,Homeowners Incentive Act,"[""Homeowners Incentive Act"",""Individual Housing Account Act""]","[{""as"":""introduced"",""is_for_portion"":false,""title"":""Homeowners Incentive Act"",""type"":""short""},{""as"":""introduced"",""is_for_portion"":false,""title"":""Individual Housing Account Act"",""type"":""short""}]"
short,hr7465-95,Graduated Payment Mortgage Insurance Act,"[""Graduated Payment Mortgage Insurance Act"",""Young Families Housing Act""]","[{""as"":""introduced"",""is_for_portion"":false,""title"":""Graduated Payment Mortgage Insurance Act"",""type"":""short""},{""as"":""introduced"",""is_for_portion"":false,""title"":""Young Families Housing Act"",""type"":""short""}]"
short,hr7552-95,"Treasury, Postal Service, and General Government Appropriation Act","[""Treasury, Postal Service, and General Government Appropriations Act"",""Treasury, Postal Service, and General Government Appropriation Act""]","[{""as"":""introduced"",""is_for_portion"":false,""title"":""Treasury, Postal Service, and General Government Appropriations Act"",""type"":""short""},{""as"":""passed house"",""is_for_portion"":false,""title"":""Treasury, Postal Service, and General Government Appropriation Act"",""type"":""short""},{""as"":""passed senate"",""is_for_portion"":false,""title"":""Treasury, Postal Service, and General Government Appropriation Act"",""type"":""short""},{""as"":""enacted"",""is_for_portion"":false,""title"":""Treasury, Postal Service, and General Government Appropriation Act"",""type"":""short""}]"
short,hr7577-95,Economic Opportunity Amendments,"[""Economic Opportunity and Community Services Amendment"",""Economic Opportunity Amendments""]","[{""as"":""introduced"",""is_for_portion"":false,""title"":""Economic Opportunity and Community Services Amendment"",""type"":""short""},{""as"":""passed senate"",""is_for_portion"":false,""title"":""Economic Opportunity Amendments"",""type"":""short""}]"
short,hr7700-95,Postal Service Amendments Act,"[""Postal Service Act"",""Postal Service Amendments Act""]","[{""as"":""introduced"",""is_for_portion"":false,""title"":""Postal Service Act"",""type"":""short""},{""as"":""reported to senate"",""is_for_portion"":false,""title"":""Postal Service Amendments Act"",""type"":""short""}]"
short,hr7932-95,Legislative Branch Appropriation Act,"[""Legislative Branch Appropriations Act"",""Legislative Branch Appropriation Act""]","[{""as"":""introduced"",""is_for_portion"":false,""title"":""Legislative Branch Appropriations Act"",""type"":""short""},{""as"":""passed house"",""is_for_portion"":false,""title"":""Legislative Branch Appropriation Act"",""type"":""short""},{""as"":""passed senate"",""is_for_portion"":false,""title"":""Legislative Branch Appropriation Act"",""type"":""short""},{""as"":""enacted"",""is_for_portion"":false,""title"":""Legislative Branch Appropriation Act"",""type"":""short""}]"
short,hr7933-95,Department of Defense Appropriation Act,"[""Department of Defense Appropriation Act"",""Department of Defense Appropriations act""]","[{""as"":""introduced"",""is_for_portion"":false,""title"":""Department of Defense Appropriation Act"",""type"":""short""},{""as"":""passed house"",""is_for_portion"":false,""title"":""Department of Defense Appropriations act"",""type"":""short""},{""as"":""passed senate"",""is_for_portion"":false,""title"":""Department of Defense Appropriation Act"",""type"":""short""},{""as"":""enacted"",""is_for_portion"":false,""title"":""Department of Defense Appropriation Act"",""type"":""short""}]"
short,hr8301-95,Graduated Mortgage Insurance Act,"[""Graduated Mortgage Insurance Act"",""Young Families Housing Act""]","[{""as"":""introduced"",""is_for_portion"":false,""title"":""Graduated Mortgage Insurance Act"",""type"":""short""},{""as"":""introduced"",""is_for_portion"":false,""title"":""Young Families Housing Act"",""type"":""short""}]"
short,hr8588-95,Inspector General Act,"[""Inspector and Auditor General Act"",""Inspector General Act""]","[{""as"":""introduced"",""is_for_portion"":false,""title"":""Inspector and Auditor General Act"",""type"":""short""},{""as"":""passed senate"",""is_for_portion"":false,""title"":""Inspector General Act"",""type"":""short""}]"
short,hr8859-95,Graduated Payment Mortgage Insurance Act,"[""Graduated Payment Mortgage Insurance Act"",""Young Families Housing Act""]","[{""as"":""introduced"",""is_for_portion"":false,""title"":""Graduated Payment Mortgage Insurance Act"",""type"":""short""},{""as"":""introduced"",""is_for_portion"":false,""title"":""Young Families Housing Act"",""type"":""short""}]"
short,hr9370-95,National Aquaculture Policy Act,"[""National Aquaculture Organic Act"",""National Aquaculture Act"",""National Aquaculture Policy Act""]","[{""as"":""introduced"",""is_for_portion"":false,""title"":""National Aquaculture Organic Act"",""type"":""short""},{""as"":""passed house"",""is_for_portion"":false,""title"":""National Aquaculture Act"",""type"":""short""},{""as"":""passed senate"",""is_for_portion"":false,""title"":""National Aquaculture Policy Act"",""type"":""short""}]"
short,hr9572-95,Graduated Payment Mortgage Insurance Act,"[""Graduated Payment Mortgage Insurance Act"",""Young Families Housing Act""]","[{""as"":""introduced"",""is_for_portion"":false,""title"":""Graduated Payment Mortgage Insurance Act"",""type"":""short""},{""as"":""introduced"",""is_for_portion"":false,""title"":""Young Families Housing Act"",""type"":""short""}]"
short,hr10049-95,Graduated Payment Mortgage Insurance Act,"[""Graduated Payment Mortgage Insurance Act"",""Young Families Housing Act""]","[{""as"":""introduced"",""is_for_portion"":false,""title"":""Graduated Payment Mortgage Insurance Act"",""type"":""short""},{""as"":""introduced"",""is_for_portion"":false,""title"":""Young Families Housing Act"",""type"":""short""}]"
short,hr10587-95,Public Range Lands Improvement Act,"[""Public Grazing Lands Improvement Act"",""Public Range Lands Improvement Act""]","[{""as"":""introduced"",""is_for_portion"":false,""title"":""Public Grazing Lands Improvement Act"",""type"":""short""},{""as"":""passed house"",""is_for_portion"":false,""title"":""Public Range Lands Improvement Act"",""type"":""short""}]"
short,hr10979-95,Water Resources Development Act,"[""Emergency Highway and Transportation Repair Act"",""Water Resources Development Act""]","[{""as"":""introduced"",""is_for_portion"":false,""title"":""Emergency Highway and Transportation Repair Act"",""type"":""short""},{""as"":""passed senate"",""is_for_portion"":false,""title"":""Water Resources Development Act"",""type"":""short""}]"
short,hr11209-95,International Maritime Satellite Telecommunications Act,"[""International Maritime Telecommunications Satellite Act"",""International Maritime Satellite Telecommunications Act""]","[{""as"":""introduced"",""is_for_portion"":false,""title"":""International Maritime Telecommunications Satellite Act"",""type"":""short""},{""as"":""passed house"",""is_for_portion"":false,""title"":""International Maritime Satellite Telecommunications Act"",""type"":""short""}]"
short,hr11545-95,Meat Import Act,"[""Meat and Livestock Import Amendments"",""Meat Import Act""]","[{""as"":""introduced"",""is_for_portion"":false,""title"":""Meat and Livestock Import Amendments"",""type"":""short""},{""as"":""passed house"",""is_for_portion"":false,""title"":""Meat Import Act"",""type"":""short""}]"
short,hr12026-95,"Indian Peaks Wilderness Area, the Arapaho National Recreation Area and the Oregon Islands Wilderness Area Act","[""Indian Peaks Wilderness Area and Arapaho National Recreation Area Act"",""Indian Peaks Wilderness Area, the Arapaho National Recreation Area and the Oregon Islands Wilderness Area Act""]","[{""as"":""introduced"",""is_for_portion"":false,""title"":""Indian Peaks Wilderness Area and Arapaho National Recreation Area Act"",""type"":""short""},{""as"":""passed house"",""is_for_portion"":false,""title"":""Indian Peaks Wilderness Area, the Arapaho National Recreation Area and the Oregon Islands Wilderness Area Act"",""type"":""short""}]"
short,hr12028-95,Veterans Housing Benefits Improvement Act,"[""Veterans Housing Improvements Act"",""Veterans Housing Benefits Improvement Act""]","[{""as"":""introduced"",""is_for_portion"":false,""title"":""Veterans Housing Improvements Act"",""type"":""short""},{""as"":""passed senate"",""is_for_portion"":false,""title"":""Veterans Housing Benefits Improvement Act"",""type"":""short""}]"
short,hr12050-95,Tuition Tax Relief Act,"[""Tuition Tax Credit Act"",""Tuition Tax Relief Act""]","[{""as"":""introduced"",""is_for_portion"":false,""title"":""Tuition Tax Credit Act"",""type"":""short""},{""as"":""passed senate"",""is_for_portion"":false,""title"":""Tuition Tax Relief Act"",""type"":""short""}]"
popular,hr4-102,Desert Storm Forces (Taxes) bill,"[""Desert Storm Forces (Taxes) bill"",""Taxes (Desert Storm Forces) bill""]","[{""as"":null,""is_for_portion"":false,""title"":""Desert Storm Forces (Taxes) bill"",""type"":""popular""},{""as"":null,""is_for_portion"":false,""title"":""Taxes (Desert Storm Forces) bill"",""type"":""popular""}]"
popular,hr5-102,Strike Participation (Striker Replacement/Workplace Fairness) bill,"[""Strike Participation (Striker Replacement/Workplace Fairness) bill"",""Striker Replacement (Strike Participation) bill"",""Workplace Fairness (Strike Participation) bill""]","[{""as"":null,""is_for_portion"":false,""title"":""Strike Participation (Striker Replacement/Workplace Fairness) bill"",""type"":""popular""},{""as"":null,""is_for_portion"":false,""title"":""Striker Replacement (Strike Participation) bill"",""type"":""popular""},{""as"":null,""is_for_portion"":false,""title"":""Workplace Fairness (Strike Participation) bill"",""type"":""popular""}]"
popular,hr7-102,Brady (Waiting Period/Gun Control) bill,"[""Brady (Waiting Period/Gun Control) bill"",""Gun Control (Waiting Period/Brady Bill) bill"",""Waiting Period (Gun Control/Brady Bill) bill""]","[{""as"":null,""is_for_portion"":false,""title"":""Brady (Waiting Period/Gun Control) bill"",""type"":""popular""},{""as"":null,""is_for_portion"":false,""title"":""Gun Control (Waiting Period/Brady Bill) bill"",""type"":""popular""},{""as"":null,""is_for_portion"":false,""title"":""Waiting Period (Gun Control/Brady Bill) bill"",""type"":""popular""}]"
popular,hr11-102,Enterprise Zones (Urban Aid) bill,"[""Enterprise Zones (Urban Aid) bill"",""Homebuyer (tax credit) bill"",""Individual Retirement Accounts (First Time Homebuyer) bill"",""Luxury tax on boats bill"",""Revenue Act bill"",""Urban Aid (enterprise zones) bill""]","[{""as"":null,""is_for_portion"":false,""title"":""Enterprise Zones (Urban Aid) bill"",""type"":""popular""},{""as"":null,""is_for_portion"":false,""title"":""Homebuyer (tax credit) bill"",""type"":""popular""},{""as"":null,""is_for_portion"":false,""title"":""Individual Retirement Accounts (First Time Homebuyer) bill"",""type"":""popular""},{""as"":null,""is_for_portion"":false,""title"":""Luxury tax on boats bill"",""type"":""popular""},{""as"":null,""is_for_portion"":false,""title"":""Revenue Act bill"",""type"":""popular""},{""as"":null,""is_for_portion"":false,""title"":""Urban Aid (enterprise zones) bill"",""type"":""popular""}]"
popular,hr388-102,Boating/Recreational Vessels (User Fee) bill,"[""Boating/Recreational Vessels (User Fee) bill"",""User Fee (Boating/Recreational Vessels) bill""]","[{""as"":null,""is_for_portion"":false,""title"":""Boating/Recreational Vessels (User Fee) bill"",""type"":""popular""},{""as"":null,""is_for_portion"":false,""title"":""User Fee (Boating/Recreational Vessels) bill"",""type"":""popular""}]"
popular,hr392-102,Family Planning (Title X/Gag Order) bill,"[""Family Planning (Title X/Gag Order) bill"",""Gag Order (Title X-Pregnancy Counseling) bill"",""Gag Order (Title X/Family Planning) bill"",""Title X (Family Planning) bill"",""Title X (Family Planning/Gag Order) bill"",""Title X-Pregnancy Counseling (Gag Order) bill""]","[{""as"":null,""is_for_portion"":false,""title"":""Family Planning (Title X/Gag Order) bill"",""type"":""popular""},{""as"":null,""is_for_portion"":false,""title"":""Gag Order (Title X-Pregnancy Counseling) bill"",""type"":""popular""},{""as"":null,""is_for_portion"":false,""title"":""Gag Order (Title X/Family Planning) bill"",""type"":""popular""},{""as"":null,""is_for_portion"":false,""title"":""Title X (Family Planning) bill"",""type"":""popular""},{""as"":null,""is_for_portion"":false,""title"":""Title X (Family Planning/Gag Order) bill"",""type"":""popular""},{""as"":null,""is_for_portion"":false,""title"":""Title X-Pregnancy Counseling (Gag Order) bill"",""type"":""popular""}]"
popular,hr446-102,CAFE (Motor Vehicle Fuel Efficiency) bill,"[""CAFE (Motor Vehicle Fuel Efficiency) bill"",""Motor Vehicle Fuel Efficiency (CAFE) bill""]","[{""as"":null,""is_for_portion"":false,""title"":""CAFE (Motor Vehicle Fuel Efficiency) bill"",""type"":""popular""},{""as"":null,""is_for_portion"":false,""title"":""Motor Vehicle Fuel Efficiency (CAFE) bill"",""type"":""popular""}]"
popular,hr534-102,Boating/Recreational Vessels (User Fee) bill,"[""Boating/Recreational Vessels (User Fee) bill"",""User Fee (Boating/Recreational Vessels) bill""]","[{""as"":null,""is_for_portion"":false,""title"":""Boating/Recreational Vessels (User Fee) bill"",""type"":""popular""},{""as"":null,""is_for_portion"":false,""title"":""User Fee (Boating/Recreational Vessels) bill"",""type"":""popular""}]"
popular,hr612-102,CAFE (Motor Vehicle Fuel Efficiency) bill,"[""CAFE (Motor Vehicle Fuel Efficiency) bill"",""Motor Vehicle Fuel Efficiency (CAFE) bill""]","[{""as"":null,""is_for_portion"":false,""title"":""CAFE (Motor Vehicle Fuel Efficiency) bill"",""type"":""popular""},{""as"":null,""is_for_portion"":false,""title"":""Motor Vehicle Fuel Efficiency (CAFE) bill"",""type"":""popular""}]"
popular,hr747-102,Education Loans Deduction bill,"[""Education Loans Deduction bill"",""Student Loan Deduction for Interest bill""]","[{""as"":null,""is_for_portion"":false,""title"":""Education Loans Deduction bill"",""type"":""popular""},{""as"":null,""is_for_portion"":false,""title"":""Student Loan Deduction for Interest bill"",""type"":""popular""}]"
popular,hr776-102,Energy bill,"[""Energy bill"",""Energy Security/Oil Independence bill""]","[{""as"":null,""is_for_portion"":false,""title"":""Energy bill"",""type"":""popular""},{""as"":null,""is_for_portion"":false,""title"":""Energy Security/Oil Independence bill"",""type"":""popular""}]"
popular,hr1231-102,Fast Track (Mexico-Free Trade) bill,"[""Fast Track (Mexico-Free Trade) bill"",""Mexico-Free Trade (Fast Track) bill""]","[{""as"":null,""is_for_portion"":false,""title"":""Fast Track (Mexico-Free Trade) bill"",""type"":""popular""},{""as"":null,""is_for_portion"":false,""title"":""Mexico-Free Trade (Fast Track) bill"",""type"":""popular""}]"
popular,hr1490-102,Abortion (Parental Notification) bill,"[""Abortion (Parental Notification) bill"",""Parental Notification (Abortion) bill""]","[{""as"":null,""is_for_portion"":false,""title"":""Abortion (Parental Notification) bill"",""type"":""popular""},{""as"":null,""is_for_portion"":false,""title"":""Parental Notification (Abortion) bill"",""type"":""popular""}]"
popular,hr1724-102,Modifications in H.R. 1724 (Unemployment Compensation) bill,"[""Modifications in H.R. 1724 (Unemployment Compensation) bill"",""Most Favored Nation Trade for Hungary & Czechoslovakia bill"",""Unemployment Compensation (modifications in H.R. 1724) bill""]","[{""as"":null,""is_for_portion"":false,""title"":""Modifications in H.R. 1724 (Unemployment Compensation) bill"",""type"":""popular""},{""as"":null,""is_for_portion"":false,""title"":""Most Favored Nation Trade for Hungary & Czechoslovakia bill"",""type"":""popular""},{""as"":null,""is_for_portion"":false,""title"":""Unemployment Compensation (modifications in H.R. 1724) bill"",""type"":""popular""}]"
popular,hr2448-102,Benjamin Franklin memorial Coin/Fire Service Bill of Rights bill,"[""Benjamin Franklin memorial Coin/Fire Service Bill of Rights bill"",""Fire Service Bill of Rights/Benjamin Franklin Memorial Coin bill""]","[{""as"":null,""is_for_portion"":false,""title"":""Benjamin Franklin memorial Coin/Fire Service Bill of Rights bill"",""type"":""popular""},{""as"":null,""is_for_portion"":false,""title"":""Fire Service Bill of Rights/Benjamin Franklin Memorial Coin bill"",""type"":""popular""}]"
popular,hr2507-102,Fetal Tissue bill,"[""Fetal Tissue bill"",""NIH Revitalization bill"",""Whistleblower Protection (scientific misconduct) bill""]","[{""as"":null,""is_for_portion"":false,""title"":""Fetal Tissue bill"",""type"":""popular""},{""as"":null,""is_for_portion"":false,""title"":""NIH Revitalization bill"",""type"":""popular""},{""as"":null,""is_for_portion"":false,""title"":""Whistleblower Protection (scientific misconduct) bill"",""type"":""popular""}]"
popular,hr2508-102,Birth control (United Nations Population Fund) bill,"[""Birth control (United Nations Population Fund) bill"",""United Nations Population Fund (Birth control) bill""]","[{""as"":null,""is_for_portion"":false,""title"":""Birth control (United Nations Population Fund) bill"",""type"":""popular""},{""as"":null,""is_for_portion"":false,""title"":""United Nations Population Fund (Birth control) bill"",""type"":""popular""}]"
popular,hr2522-102,Corporate Pay bill,"[""Corporate Pay bill"",""Stockholder Executive Pay bill""]","[{""as"":null,""is_for_portion"":false,""title"":""Corporate Pay bill"",""type"":""popular""},{""as"":null,""is_for_portion"":false,""title"":""Stockholder Executive Pay bill"",""type"":""popular""}]"
popular,hr2535-102,National Health Insurance (Rockefeller/Pepper Commission) bill,"[""National Health Insurance (Rockefeller/Pepper Commission) bill"",""Rockefeller/Pepper Commission (National Health Insurance) bill""]","[{""as"":null,""is_for_portion"":false,""title"":""National Health Insurance (Rockefeller/Pepper Commission) bill"",""type"":""popular""},{""as"":null,""is_for_portion"":false,""title"":""Rockefeller/Pepper Commission (National Health Insurance) bill"",""type"":""popular""}]"
popular,hr2777-102,Credit Card (Tax Simplification) bill,"[""Credit Card (Tax Simplification) bill"",""Tax Simplification (Credit Card) bill""]","[{""as"":null,""is_for_portion"":false,""title"":""Credit Card (Tax Simplification) bill"",""type"":""popular""},{""as"":null,""is_for_portion"":false,""title"":""Tax Simplification (Credit Card) bill"",""type"":""popular""}]"
popular,hr2950-102,Billboards (Transportation/Truck Trailer) bill,"[""Billboards (Transportation/Truck Trailer) bill"",""Gas Tax bill"",""Intermodal Transportation bill"",""National Recreation Trails Fund Act (in Transportation Bill)"",""Transportation (Truck Trailer/Billboards) bill"",""Truck Trailer (Billboards/Transportation) bill""]","[{""as"":null,""is_for_portion"":false,""title"":""Billboards (Transportation/Truck Trailer) bill"",""type"":""popular""},{""as"":null,""is_for_portion"":false,""title"":""Gas Tax bill"",""type"":""popular""},{""as"":null,""is_for_portion"":false,""title"":""Intermodal Transportation bill"",""type"":""popular""},{""as"":null,""is_for_portion"":false,""title"":""National Recreation Trails Fund Act (in Transportation Bill)"",""type"":""popular""},{""as"":null,""is_for_portion"":false,""title"":""Transportation (Truck Trailer/Billboards) bill"",""type"":""popular""},{""as"":null,""is_for_portion"":false,""title"":""Truck Trailer (Billboards/Transportation) bill"",""type"":""popular""}]"
popular,hr3029-102,Agriculture Technical Corrections (Farm Bill),"[""Agriculture Technical Corrections (Farm Bill)"",""Farm (Agriculture Technical Corrections) bill"",""Food, Agriculture, Conservation, and Trade Act Amendments bill""]","[{""as"":null,""is_for_portion"":false,""title"":""Agriculture Technical Corrections (Farm Bill)"",""type"":""popular""},{""as"":null,""is_for_portion"":false,""title"":""Farm (Agriculture Technical Corrections) bill"",""type"":""popular""},{""as"":null,""is_for_portion"":false,""title"":""Food, Agriculture, Conservation, and Trade Act Amendments bill"",""type"":""popular""}]"
popular,hr3800-102,Long-Distance Learning (Technology for the Classroom) bill,"[""Long-Distance Learning (Technology for the Classroom) bill"",""Technology for the Classroom (Long-Distance Learning) bill""]","[{""as"":null,""is_for_portion"":false,""title"":""Long-Distance Learning (Technology for the Classroom) bill"",""type"":""popular""},{""as"":null,""is_for_portion"":false,""title"":""Technology for the Classroom (Long-Distance Learning) bill"",""type"":""popular""}]"
popular,hr3807-102,Airlift (Aid for former Soviet Republics) bill,"[""Airlift (Aid for former Soviet Republics) bill"",""Conventional Forces in Europe Treaty Implementation bill""]","[{""as"":null,""is_for_portion"":false,""title"":""Airlift (Aid for former Soviet Republics) bill"",""type"":""popular""},{""as"":null,""is_for_portion"":false,""title"":""Conventional Forces in Europe Treaty Implementation bill"",""type"":""popular""}]"
popular,hr3886-102,Long-Distance Learning (Technology for the Classroom) bill,"[""Long-Distance Learning (Technology for the Classroom) bill"",""Technology for the Classroom (Long-Distance Learning) bill""]","[{""as"":null,""is_for_portion"":false,""title"":""Long-Distance Learning (Technology for the Classroom) bill"",""type"":""popular""},{""as"":null,""is_for_portion"":false,""title"":""Technology for the Classroom (Long-Distance Learning) bill"",""type"":""popular""}]"
popular,hr3975-102,Employment Discrimination Damages (Equal Remedies Act) bill,"[""Employment Discrimination Damages (Equal Remedies Act) bill"",""Equal Remedies Act (Employment Discrimination Damages) bill""]","[{""as"":null,""is_for_portion"":false,""title"":""Employment Discrimination Damages (Equal Remedies Act) bill"",""type"":""popular""},{""as"":null,""is_for_portion"":false,""title"":""Equal Remedies Act (Employment Discrimination Damages) bill"",""type"":""popular""}]"
popular,hr4547-102,Aid to Russia (Freedom Support Act) bill,"[""Aid to Russia (Freedom Support Act) bill"",""Freedom Support Act (Aid to Russia) bill""]","[{""as"":null,""is_for_portion"":false,""title"":""Aid to Russia (Freedom Support Act) bill"",""type"":""popular""},{""as"":null,""is_for_portion"":false,""title"":""Freedom Support Act (Aid to Russia) bill"",""type"":""popular""}]"
popular,hr4848-102,Estate Taxes bill,"[""Estate Taxes bill"",""Health Care bill"",""Inheritance Tax bill""]","[{""as"":null,""is_for_portion"":false,""title"":""Estate Taxes bill"",""type"":""popular""},{""as"":null,""is_for_portion"":false,""title"":""Health Care bill"",""type"":""popular""},{""as"":null,""is_for_portion"":false,""title"":""Inheritance Tax bill"",""type"":""popular""}]"
popular,hres101-102,Fast Track (Mexico-Free Trade) bill,"[""Fast Track (Mexico-Free Trade) bill"",""Mexico-Free Trade (Fast Track) bill""]","[{""as"":null,""is_for_portion"":false,""title"":""Fast Track (Mexico-Free Trade) bill"",""type"":""popular""},{""as"":null,""is_for_portion"":false,""title"":""Mexico-Free Trade (Fast Track) bill"",""type"":""popular""}]"
popular,s2-102,Long-Distance Learning (Technology for the Classroom) bill,"[""Long-Distance Learning (Technology for the Classroom) bill"",""Technology for the Classroom (Long-Distance Learning) bill""]","[{""as"":null,""is_for_portion"":false,""title"":""Long-Distance Learning (Technology for the Classroom) bill"",""type"":""popular""},{""as"":null,""is_for_portion"":false,""title"":""Technology for the Classroom (Long-Distance Learning) bill"",""type"":""popular""}]"
popular,s11-102,Pay-As-You-Go (Social Security) bill,"[""Pay-As-You-Go (Social Security) bill"",""Social Security (Pay-As-You-Go) bill""]","[{""as"":null,""is_for_portion"":false,""title"":""Pay-As-You-Go (Social Security) bill"",""type"":""popular""},{""as"":null,""is_for_portion"":false,""title"":""Social Security (Pay-As-You-Go) bill"",""type"":""popular""}]"
popular,s55-102,Strike Participation (Striker Replacement/Workplace Fairness) bill,"[""Strike Participation (Striker Replacement/Workplace Fairness) bill"",""Striker Replacement (Strike Participation) bill"",""Workplace Fairness (Strike Participation) bill""]","[{""as"":null,""is_for_portion"":false,""title"":""Strike Participation (Striker Replacement/Workplace Fairness) bill"",""type"":""popular""},{""as"":null,""is_for_portion"":false,""title"":""Striker Replacement (Strike Participation) bill"",""type"":""popular""},{""as"":null,""is_for_portion"":false,""title"":""Workplace Fairness (Strike Participation) bill"",""type"":""popular""}]"
popular,s250-102,Motor Voter (Voter Registration) bill,"[""Motor Voter (Voter Registration) bill"",""Voter Registration (Motor Voter) bill""]","[{""as"":null,""is_for_portion"":false,""title"":""Motor Voter (Voter Registration) bill"",""type"":""popular""},{""as"":null,""is_for_portion"":false,""title"":""Voter Registration (Motor Voter) bill"",""type"":""popular""}]"
popular,s257-102,Brady (Waiting Period/Gun Control) bill,"[""Brady (Waiting Period/Gun Control) bill"",""Gun Control (Waiting Period/Brady Bill) bill"",""Waiting Period (Gun Control/Brady Bill) bill""]","[{""as"":null,""is_for_portion"":false,""title"":""Brady (Waiting Period/Gun Control) bill"",""type"":""popular""},{""as"":null,""is_for_portion"":false,""title"":""Gun Control (Waiting Period/Brady Bill) bill"",""type"":""popular""},{""as"":null,""is_for_portion"":false,""title"":""Waiting Period (Gun Control/Brady Bill) bill"",""type"":""popular""}]"
popular,s279-102,CAFE (Motor Vehicle Fuel Efficiency) bill,"[""CAFE (Motor Vehicle Fuel Efficiency) bill"",""Motor Vehicle Fuel Efficiency (CAFE) bill""]","[{""as"":null,""is_for_portion"":false,""title"":""CAFE (Motor Vehicle Fuel Efficiency) bill"",""type"":""popular""},{""as"":null,""is_for_portion"":false,""title"":""Motor Vehicle Fuel Efficiency (CAFE) bill"",""type"":""popular""}]"
popular,s320-102,Chemical & Biological Weapons (Export Administration Reauthorization) bill,"[""Chemical & Biological Weapons (Export Administration Reauthorization) bill"",""Export Administration Reauthorization (Chemical & Biological Weapons) bill""]","[{""as"":null,""is_for_portion"":false,""title"":""Chemical & Biological Weapons (Export Administration Reauthorization) bill"",""type"":""popular""},{""as"":null,""is_for_portion"":false,""title"":""Export Administration Reauthorization (Chemical & Biological Weapons) bill"",""type"":""popular""}]"
popular,s323-102,Family Planning (Title X/Gag Order) bill,"[""Family Planning (Title X/Gag Order) bill"",""Gag Order (Title X-Pregnancy Counseling) bill"",""Gag Order (Title X/Family Planning) bill"",""Title X (Family Planning) bill"",""Title X (Family Planning/Gag Order) bill"",""Title X-Pregnancy Counseling (Gag Order) bill""]","[{""as"":null,""is_for_portion"":false,""title"":""Family Planning (Title X/Gag Order) bill"",""type"":""popular""},{""as"":null,""is_for_portion"":false,""title"":""Gag Order (Title X-Pregnancy Counseling) bill"",""type"":""popular""},{""as"":null,""is_for_portion"":false,""title"":""Gag Order (Title X/Family Planning) bill"",""type"":""popular""},{""as"":null,""is_for_portion"":false,""title"":""Title X (Family Planning) bill"",""type"":""popular""},{""as"":null,""is_for_portion"":false,""title"":""Title X (Family Planning/Gag Order) bill"",""type"":""popular""},{""as"":null,""is_for_portion"":false,""title"":""Title X-Pregnancy Counseling (Gag Order) bill"",""type"":""popular""}]"
popular,s341-102,CAFE (Motor Vehicle Fuel Efficiency) bill,"[""CAFE (Motor Vehicle Fuel Efficiency) bill"",""Motor Vehicle Fuel Efficiency (CAFE) bill""]","[{""as"":null,""is_for_portion"":false,""title"":""CAFE (Motor Vehicle Fuel Efficiency) bill"",""type"":""popular""},{""as"":null,""is_for_portion"":false,""title"":""Motor Vehicle Fuel Efficiency (CAFE) bill"",""type"":""popular""}]"
popular,s403-102,Boating/Recreational Vessels (User Fee) bill,"[""Boating/Recreational Vessels (User Fee) bill"",""User Fee (Boating/Recreational Vessels) bill""]","[{""as"":null,""is_for_portion"":false,""title"":""Boating/Recreational Vessels (User Fee) bill"",""type"":""popular""},{""as"":null,""is_for_portion"":false,""title"":""User Fee (Boating/Recreational Vessels) bill"",""type"":""popular""}]"
popular,s429-102,Price Fixing (Retail Price Maintenance) bill,"[""Price Fixing (Retail Price Maintenance) bill"",""Retail Price Maintenance (Price Fixing) bill""]","[{""as"":null,""is_for_portion"":false,""title"":""Price Fixing (Retail Price Maintenance) bill"",""type"":""popular""},{""as"":null,""is_for_portion"":false,""title"":""Retail Price Maintenance (Price Fixing) bill"",""type"":""popular""}]"
popular,s542-102,Education Loans Deduction bill,"[""Education Loans Deduction bill"",""Student Loan Deduction for Interest bill""]","[{""as"":null,""is_for_portion"":false,""title"":""Education Loans Deduction bill"",""type"":""popular""},{""as"":null,""is_for_portion"":false,""title"":""Student Loan Deduction for Interest bill"",""type"":""popular""}]"
popular,s543-102,Banking (Comprehensive Deposit Insurance Reform) bill,"[""Banking (Comprehensive Deposit Insurance Reform) bill"",""Comprehensive Deposit Insurance Reform (Banking Bill)"",""Truth in Savings bill""]","[{""as"":null,""is_for_portion"":false,""title"":""Banking (Comprehensive Deposit Insurance Reform) bill"",""type"":""popular""},{""as"":null,""is_for_portion"":false,""title"":""Comprehensive Deposit Insurance Reform (Banking Bill)"",""type"":""popular""},{""as"":null,""is_for_portion"":false,""title"":""Truth in Savings bill"",""type"":""popular""}]"
popular,s612-102,Individual Retirement Accounts bill,"[""Individual Retirement Accounts bill"",""Individual Retirement Accounts (First Time Homebuyer) bill""]","[{""as"":null,""is_for_portion"":false,""title"":""Individual Retirement Accounts bill"",""type"":""popular""},{""as"":null,""is_for_portion"":false,""title"":""Individual Retirement Accounts (First Time Homebuyer) bill"",""type"":""popular""}]"
popular,s843-102,Boating/Recreational Vessels (User Fee) bill,"[""Boating/Recreational Vessels (User Fee) bill"",""User Fee (Boating/Recreational Vessels) bill""]","[{""as"":null,""is_for_portion"":false,""title"":""Boating/Recreational Vessels (User Fee) bill"",""type"":""popular""},{""as"":null,""is_for_portion"":false,""title"":""User Fee (Boating/Recreational Vessels) bill"",""type"":""popular""}]"
popular,s1081-102,Clean Water (Water Pollution Control) bill,"[""Clean Water (Water Pollution Control) bill"",""Water Pollution Control (Clean Water) bill""]","[{""as"":null,""is_for_portion"":false,""title"":""Clean Water (Water Pollution Control) bill"",""type"":""popular""},{""as"":null,""is_for_portion"":false,""title"":""Water Pollution Control (Clean Water) bill"",""type"":""popular""}]"
popular,s1177-102,National Health Insurance (Rockefeller/Pepper Commission) bill,"[""National Health Insurance (Rockefeller/Pepper Commission) bill"",""Rockefeller/Pepper Commission (National Health Insurance) bill""]","[{""as"":null,""is_for_portion"":false,""title"":""National Health Insurance (Rockefeller/Pepper Commission) bill"",""type"":""popular""},{""as"":null,""is_for_portion"":false,""title"":""Rockefeller/Pepper Commission (National Health Insurance) bill"",""type"":""popular""}]"
popular,s1197-102,Family Planning (Title X/Gag Order) bill,"[""Family Planning (Title X/Gag Order) bill"",""Gag Order (Title X-Pregnancy Counseling) bill"",""Gag Order (Title X/Family Planning) bill"",""Title X (Family Planning) bill"",""Title X (Family Planning/Gag Order) bill"",""Title X-Pregnancy Counseling (Gag Order) bill""]","[{""as"":null,""is_for_portion"":false,""title"":""Family Planning (Title X/Gag Order) bill"",""type"":""popular""},{""as"":null,""is_for_portion"":false,""title"":""Gag Order (Title X-Pregnancy Counseling) bill"",""type"":""popular""},{""as"":null,""is_for_portion"":false,""title"":""Gag Order (Title X/Family Planning) bill"",""type"":""popular""},{""as"":null,""is_for_portion"":false,""title"":""Title X (Family Planning) bill"",""type"":""popular""},{""as"":null,""is_for_portion"":false,""title"":""Title X (Family Planning/Gag Order) bill"",""type"":""popular""},{""as"":null,""is_for_portion"":false,""title"":""Title X-Pregnancy Counseling (Gag Order) bill"",""type"":""popular""}]"
popular,s1198-102,Corporate Pay bill,"[""Corporate Pay bill"",""Stockholder Executive Pay bill""]","[{""as"":null,""is_for_portion"":false,""title"":""Corporate Pay bill"",""type"":""popular""},{""as"":null,""is_for_portion"":false,""title"":""Stockholder Executive Pay bill"",""type"":""popular""}]"
popular,s1260-102,Brady (Waiting Period/Gun Control) bill,"[""Brady (Waiting Period/Gun Control) bill"",""Gun Control (Waiting Period/Brady Bill) bill"",""Waiting Period (Gun Control/Brady Bill) bill""]","[{""as"":null,""is_for_portion"":false,""title"":""Brady (Waiting Period/Gun Control) bill"",""type"":""popular""},{""as"":null,""is_for_portion"":false,""title"":""Gun Control (Waiting Period/Brady Bill) bill"",""type"":""popular""},{""as"":null,""is_for_portion"":false,""title"":""Waiting Period (Gun Control/Brady Bill) bill"",""type"":""popular""}]"
popular,s1394-102,Credit Card (Tax Simplification) bill,"[""Credit Card (Tax Simplification) bill"",""Tax Simplification (Credit Card) bill""]","[{""as"":null,""is_for_portion"":false,""title"":""Credit Card (Tax Simplification) bill"",""type"":""popular""},{""as"":null,""is_for_portion"":false,""title"":""Tax Simplification (Credit Card) bill"",""type"":""popular""}]"
